{"eqodds_before_1": 0.8521287128712871, "eqodds_after_1": 0.6753960396039603, "eqodds_before_2": 0.784950495049505, "eqodds_after_2": 0.5899009900990099, "eqodds_before_3": 0.826089108910891, "eqodds_after_3": 0.6815841584158416, "eqodds_before_4": 2.6977227722772277, "eqodds_after_4": 2.0413861386138614, "eqodds_before_5": 1.0275742574257427, "eqodds_after_5": 0.7686138613861386, "eqodds_before_6": 0.9456930693069308, "eqodds_after_6": 0.7476732673267327, "eqodds_before_7": 1.0894554455445544, "eqodds_after_7": 0.9863861386138614, "eqodds_before_8": 1.1572277227722774, "eqodds_after_8": 0.6602475247524753, "eqodds_before_9": 0.8098514851485148, "eqodds_after_9": 0.6167326732673267, "fpr_before_1": 0.7076237623762377, "fpr_after_1": 0.47306930693069305, "fpr_before_2": 0.667029702970297, "fpr_after_2": 0.47376237623762374, "fpr_before_3": 0.6911881188118811, "fpr_after_3": 0.4913861386138614, "fpr_before_4": 3.3476237623762373, "fpr_after_4": 2.478118811881188, "fpr_before_5": 1.0143564356435646, "fpr_after_5": 0.5907920792079209, "fpr_before_6": 0.7625742574257426, "fpr_after_6": 0.47653465346534646, "fpr_before_7": 0.7148514851485148, "fpr_after_7": 0.5969306930693069, "fpr_before_8": 0.7424752475247525, "fpr_after_8": 0.49623762376237623, "fpr_before_9": 0.7364356435643564, "fpr_after_9": 0.5342574257425743, "tpr_before_1": 0.9966336633663366, "tpr_after_1": 0.6268316831683168, "tpr_before_2": 0.902871287128713, "tpr_after_2": 0.6441584158415842, "tpr_before_3": 0.960990099009901, "tpr_after_3": 0.8102970297029701, "tpr_before_4": 2.0478217821782176, "tpr_after_4": 2.034356435643564, "tpr_before_5": 1.0407920792079208, "tpr_after_5": 0.7623762376237624, "tpr_before_6": 1.128811881188119, "tpr_after_6": 0.6372277227722771, "tpr_before_7": 1.4640594059405942, "tpr_after_7": 1.3747524752475246, "tpr_before_8": 1.5719801980198018, "tpr_after_8": 0.9984158415841584, "tpr_before_9": 0.8832673267326733, "tpr_after_9": 0.6240594059405941}