{"eqodds_before_1": 0.45450495049504946, "eqodds_after_1": 0.22633663366336637, "eqodds_before_2": 0.6977722772277227, "eqodds_after_2": 0.31732673267326733, "eqodds_before_3": 0.6464851485148514, "eqodds_after_3": 0.3035643564356436, "eqodds_before_4": 0.4938118811881188, "eqodds_after_4": 0.3463366336633663, "eqodds_before_5": 0.7846039603960395, "eqodds_after_5": 0.2606930693069307, "eqodds_before_6": 0.4727227722772277, "eqodds_after_6": 0.287029702970297, "eqodds_before_7": 0.5116336633663366, "eqodds_after_7": 0.3448514851485149, "eqodds_before_8": 0.4266831683168317, "eqodds_after_8": 0.24732673267326735, "fpr_before_1": 0.44861386138613857, "fpr_after_1": 0.23821782178217824, "fpr_before_2": 0.43594059405940594, "fpr_after_2": 0.24336633663366336, "fpr_before_3": 0.7634653465346534, "fpr_after_3": 0.4849504950495049, "fpr_before_4": 0.4587128712871287, "fpr_after_4": 0.3996039603960396, "fpr_before_5": 0.6103960396039603, "fpr_after_5": 0.24514851485148514, "fpr_before_6": 0.44405940594059407, "fpr_after_6": 0.30970297029702964, "fpr_before_7": 0.5175247524752475, "fpr_after_7": 0.3671287128712871, "fpr_before_8": 0.4228712871287128, "fpr_after_8": 0.2247524752475247, "tpr_before_1": 0.4603960396039604, "tpr_after_1": 0.23564356435643566, "tpr_before_2": 0.9596039603960396, "tpr_after_2": 0.35326732673267325, "tpr_before_3": 0.5295049504950495, "tpr_after_3": 0.2497029702970297, "tpr_before_4": 0.5289108910891087, "tpr_after_4": 0.2748514851485148, "tpr_before_5": 0.9588118811881188, "tpr_after_5": 0.33326732673267323, "tpr_before_6": 0.5013861386138614, "tpr_after_6": 0.3007920792079207, "tpr_before_7": 0.5057425742574257, "tpr_after_7": 0.3794059405940594, "tpr_before_8": 0.4304950495049505, "tpr_after_8": 0.2722772277227723}